type_name,avg_stat
ice,85.66666666666667
psychic,76.14285714285714
fire,75.93055555555556
electric,74.25925925925925
flying,74.24561403508773
dragon,73.33333333333333
fighting,70.72916666666667
rock,69.92424242424242
water,68.82291666666667
ghost,67.5
grass,66.82142857142857
ground,66.60714285714286
steel,65.83333333333333
fairy,65.7
poison,63.77272727272727
normal,63.666666666666664
bug,56.041666666666664
